portfolio_id,date,equity
adaptive_mr,2026-08-04,39000.0
adaptive_mr,2026-08-05,39165.714059932
adaptive_mr_frozen,2026-08-04,39000.0
adaptive_mr_frozen,2026-08-05,39165.714059932
agentic_alloc,2026-08-04,39000.0
agentic_alloc,2026-08-05,39000.0
agentic_alloc_frozen,2026-08-04,39000.0
agentic_alloc_frozen,2026-08-05,39000.0
discretionary,2026-07-20,38830.707356964114
discretionary,2026-07-21,39031.13725808716
discretionary,2026-07-22,39369.98720315552
discretionary,2026-07-23,39347.84728005982
discretionary,2026-07-24,39331.2873130188
discretionary,2026-07-27,39235.977345977786
discretionary,2026-07-28,38922.68736795044
discretionary,2026-07-29,38720.54744485474
discretionary,2026-07-30,39037.077291046146
discretionary,2026-07-31,39042.11726907349
discretionary,2026-08-03,39254.96721414185
discretionary,2026-08-04,39599.21721414185
discretionary,2026-08-05,39558.08742288208
dual_momentum,2026-07-17,39000.0
dual_momentum,2026-07-20,39000.0
dual_momentum,2026-07-21,39000.0
dual_momentum,2026-07-22,39000.0
dual_momentum,2026-07-23,39000.0
dual_momentum,2026-07-24,39000.0
dual_momentum,2026-07-27,39000.0
dual_momentum,2026-07-28,39000.0
dual_momentum,2026-07-29,39000.0
dual_momentum,2026-07-30,39000.0
dual_momentum,2026-07-31,39000.0
dual_momentum,2026-08-03,39071.49335498048
dual_momentum,2026-08-04,39549.89447802735
dual_momentum,2026-08-05,39590.37470263673
dual_momentum_gated,2026-07-17,39000.0
dual_momentum_gated,2026-07-20,39000.0
dual_momentum_gated,2026-07-21,39000.0
dual_momentum_gated,2026-07-22,39000.0
dual_momentum_gated,2026-07-23,39000.0
dual_momentum_gated,2026-07-24,39000.0
dual_momentum_gated,2026-07-27,39000.0
dual_momentum_gated,2026-07-28,39000.0
dual_momentum_gated,2026-07-29,39000.0
dual_momentum_gated,2026-07-30,39000.0
dual_momentum_gated,2026-07-31,39000.0
dual_momentum_gated,2026-08-03,39071.49335498048
dual_momentum_gated,2026-08-04,39549.89447802735
dual_momentum_gated,2026-08-05,39590.37470263673
earnings_context_pead,2026-08-04,39000.0
earnings_context_pead,2026-08-05,38245.55926222689
ew_benchmark,2026-07-17,39000.0
ew_benchmark,2026-07-20,39000.0
ew_benchmark,2026-07-21,39000.0
ew_benchmark,2026-07-22,39000.0
ew_benchmark,2026-07-23,39000.0
ew_benchmark,2026-07-24,39000.0
ew_benchmark,2026-07-27,39000.0
ew_benchmark,2026-07-28,39000.0
ew_benchmark,2026-07-29,39000.0
ew_benchmark,2026-07-30,39000.0
ew_benchmark,2026-07-31,39000.0
ew_benchmark,2026-08-03,39462.03213328271
ew_benchmark,2026-08-04,40718.21475139451
ew_benchmark,2026-08-05,40537.471466227405
high_52wk,2026-07-28,39000.0
high_52wk,2026-07-29,39000.0
high_52wk,2026-07-30,39000.0
high_52wk,2026-07-31,39000.0
high_52wk,2026-08-03,39053.609879878415
high_52wk,2026-08-04,39098.7054191732
high_52wk,2026-08-05,39162.7327136826
low_vol,2026-07-28,39000.0
low_vol,2026-07-29,39000.0
low_vol,2026-07-30,39000.0
low_vol,2026-07-31,39000.0
low_vol,2026-08-03,38738.072824172355
low_vol,2026-08-04,38824.47592432017
low_vol,2026-08-05,38717.73586690487
macro_composite,2026-08-04,39000.0
macro_composite,2026-08-05,39000.0
momo_stopped,2026-07-28,39000.0
momo_stopped,2026-07-29,39000.0
momo_stopped,2026-07-30,39000.0
momo_stopped,2026-07-31,39000.0
momo_stopped,2026-08-03,38763.74837862132
momo_stopped,2026-08-04,40097.41943224034
momo_stopped,2026-08-05,39778.127870151664
mr_overlay,2026-07-17,39000.0
mr_overlay,2026-07-20,38583.840056851266
mr_overlay,2026-07-21,38902.9439182857
mr_overlay,2026-07-22,38677.32131014587
mr_overlay,2026-07-23,38213.20701527922
mr_overlay,2026-07-24,38616.184686671855
mr_overlay,2026-07-27,39041.310207561866
mr_overlay,2026-07-28,39003.21569442554
mr_overlay,2026-07-29,38739.7067372797
mr_overlay,2026-07-30,39589.71489683843
mr_overlay,2026-07-31,40275.72778376473
mr_overlay,2026-08-03,40277.46805250297
mr_overlay,2026-08-04,40312.07749295172
mr_overlay,2026-08-05,40677.88130006849
mr_overlay_gated,2026-07-17,39000.0
mr_overlay_gated,2026-07-20,38583.840056851266
mr_overlay_gated,2026-07-21,38902.9439182857
mr_overlay_gated,2026-07-22,38677.32131014587
mr_overlay_gated,2026-07-23,38213.20701527922
mr_overlay_gated,2026-07-24,38616.184686671855
mr_overlay_gated,2026-07-27,39041.310207561866
mr_overlay_gated,2026-07-28,39003.21569442554
mr_overlay_gated,2026-07-29,38739.7067372797
mr_overlay_gated,2026-07-30,39589.71489683843
mr_overlay_gated,2026-07-31,40275.72778376473
mr_overlay_gated,2026-08-03,40277.46805250297
mr_overlay_gated,2026-08-04,40312.07749295172
mr_overlay_gated,2026-08-05,40677.88130006849
news_gated_momo,2026-08-04,39000.0
news_gated_momo,2026-08-05,39000.0
pead_ear,2026-07-28,39000.0
pead_ear,2026-07-29,38803.32985955544
pead_ear,2026-07-30,38701.82841544079
pead_ear,2026-07-31,38410.68568475015
pead_ear,2026-08-03,38601.101839758514
pead_ear,2026-08-04,38854.10763637139
pead_ear,2026-08-05,38803.300259512514
sector_momentum,2026-07-28,39000.0
sector_momentum,2026-07-29,39000.0
sector_momentum,2026-07-30,39000.0
sector_momentum,2026-07-31,39000.0
sector_momentum,2026-08-03,39170.6396432209
sector_momentum,2026-08-04,39757.35870669147
sector_momentum,2026-08-05,39584.5648992916
spy_benchmark,2026-07-17,39000.0
spy_benchmark,2026-07-20,38702.71440356446
spy_benchmark,2026-07-21,39024.594530517585
spy_benchmark,2026-07-22,38979.35161059571
spy_benchmark,2026-07-23,38499.39262622071
spy_benchmark,2026-07-24,38538.39262622071
spy_benchmark,2026-07-27,38546.71440356446
spy_benchmark,2026-07-28,38638.752245361335
spy_benchmark,2026-07-29,38045.95414965821
spy_benchmark,2026-07-30,38681.91313403321
spy_benchmark,2026-07-31,38959.594530517585
spy_benchmark,2026-08-03,39512.87211840821
spy_benchmark,2026-08-04,40223.19389575196
spy_benchmark,2026-08-05,40143.11186450196
stop_tuner_turtle,2026-08-04,39000.0
stop_tuner_turtle,2026-08-05,38857.71420680171
template_top10_banded,2026-07-17,39000.0
template_top10_banded,2026-07-20,38104.82239607092
template_top10_banded,2026-07-21,39012.52122375645
template_top10_banded,2026-07-22,37968.69313691486
template_top10_banded,2026-07-23,36586.849192656926
template_top10_banded,2026-07-24,36015.52537618269
template_top10_banded,2026-07-27,35777.0985557416
template_top10_banded,2026-07-28,34856.68512507328
template_top10_banded,2026-07-29,34374.05318309237
template_top10_banded,2026-07-30,36689.33177542012
template_top10_banded,2026-07-31,33428.654704039174
template_top10_banded,2026-08-03,32869.96307758834
template_top10_banded,2026-08-04,34004.30329298765
template_top10_banded,2026-08-05,33733.10336838435
template_top10_banded_gated,2026-07-17,39000.0
template_top10_banded_gated,2026-07-20,38104.82239607092
template_top10_banded_gated,2026-07-21,39012.52122375645
template_top10_banded_gated,2026-07-22,37968.69313691486
template_top10_banded_gated,2026-07-23,36586.849192656926
template_top10_banded_gated,2026-07-24,36015.52537618269
template_top10_banded_gated,2026-07-27,35777.0985557416
template_top10_banded_gated,2026-07-28,34856.68512507328
template_top10_banded_gated,2026-07-29,34374.05318309237
template_top10_banded_gated,2026-07-30,36689.33177542012
template_top10_banded_gated,2026-07-31,33428.654704039174
template_top10_banded_gated,2026-08-03,32869.96307758834
template_top10_banded_gated,2026-08-04,34004.30329298765
template_top10_banded_gated,2026-08-05,33733.10336838435
template_top5,2026-07-17,39000.0
template_top5,2026-07-20,37295.187623002486
template_top5,2026-07-21,38876.36897211552
template_top5,2026-07-22,37470.5626531141
template_top5,2026-07-23,35188.70898093258
template_top5,2026-07-24,34561.03546337775
template_top5,2026-07-27,33933.762923712304
template_top5,2026-07-28,32327.0997615488
template_top5,2026-07-29,31734.317023737203
template_top5,2026-07-30,33859.1171166224
template_top5,2026-07-31,33688.641952979844
template_top5,2026-08-03,32601.229441579628
template_top5,2026-08-04,34130.615032910064
template_top5,2026-08-05,33902.22589472342
template_top5_gated,2026-07-17,39000.0
template_top5_gated,2026-07-20,37295.187623002486
template_top5_gated,2026-07-21,38876.36897211552
template_top5_gated,2026-07-22,37470.5626531141
template_top5_gated,2026-07-23,35188.70898093258
template_top5_gated,2026-07-24,34561.03546337775
template_top5_gated,2026-07-27,33933.762923712304
template_top5_gated,2026-07-28,32327.0997615488
template_top5_gated,2026-07-29,31734.317023737203
template_top5_gated,2026-07-30,33859.1171166224
template_top5_gated,2026-07-31,33688.641952979844
template_top5_gated,2026-08-03,32601.229441579628
template_top5_gated,2026-08-04,34130.615032910064
template_top5_gated,2026-08-05,33902.22589472342
turtle_breakout,2026-07-28,39000.0
turtle_breakout,2026-07-29,39281.4392934206
turtle_breakout,2026-07-30,38975.63346564561
turtle_breakout,2026-07-31,38430.003179430234
turtle_breakout,2026-08-03,38877.343682805644
turtle_breakout,2026-08-04,38912.64384890743
turtle_breakout,2026-08-05,38444.51154536508
